title_he,url,price,sizes,description_he,image_url,category_he
מיטה זוגית מתכווננת ברוחב 160 + זוג מזרני &quot;איביזה&quot;,https://www.mandelboim.com/product/%d7%9e%d7%99%d7%98%d7%94-%d7%96%d7%95%d7%92%d7%99%d7%aa-%d7%9e%d7%aa%d7%9b%d7%95%d7%95%d7%a0%d7%a0%d7%aa-%d7%91%d7%a8%d7%95%d7%97%d7%91-160-%d7%96%d7%95%d7%92-%d7%9e%d7%96%d7%a8%d7%a0%d7%99-%d7%90/,10937,N/A,"במיטה מתכווננת מעוצבת של מנדלבוים אתם בוחרים את בסיס המיטה וראש המיטה המתאימים לטעמכם האישי.בנוסף, תוכלו לבחור את צבע הבד העוטף את המיטה וסוג הבד מתוך מגוון רחב של אפשרויות צבע וטקסטורה.*התמונה להמחשה בלבד.",https://www.mandelboim.com/wp-content/uploads/2024/09/Bariel.jpg,מבצעי החודש
שידה ראום,https://www.mandelboim.com/product/%d7%a9%d7%99%d7%93%d7%94-%d7%a8%d7%90%d7%95%d7%9d/,1538,N/A,,https://www.mandelboim.com/wp-content/uploads/2025/07/WhatsApp-Image-2025-07-17-at-12.34.09-1.png,שידות
כרית ויסקו Air Flow,https://www.mandelboim.com/product/%d7%9b%d7%a8%d7%99%d7%aa-%d7%95%d7%99%d7%a1%d7%a7%d7%95-air-flow/,320,N/A,כרית העשויה מחומר ויסקו אלסטי בעל תכונת זיכרון ייחודית.הויסקו מתאים את עצמו למבנה האנטומי של הגוף ומצטיין בפיזור לחצים ותמיכה להענקת שינה רגועה ונעימה במיוחד.הכרית הינה אנטי אלרגנית ודוחת קרדית האבק.ליבת הכרית מנוקבת חורים המאפשרים זרימת אוויר.,https://www.mandelboim.com/wp-content/uploads/2025/03/כרית-ויסקו-חורים-scaled.jpg,N/A
מיטת איתי,https://www.mandelboim.com/product/%d7%9e%d7%99%d7%98%d7%aa-%d7%90%d7%99%d7%aa%d7%99/,5500,N/A,"במיטה מעוצבת של מנדלבוים אתם בוחרים את בסיס המיטה וראש המיטה המתאימים לטעמכם האישי.בנוסף, תוכלו לבחור את צבע הבד העוטף את המיטה וסוג הבד מתוך מגוון רחב של אפשרויות צבע וטקסטורה",https://www.mandelboim.com/wp-content/uploads/2025/02/איתי-ראש-j_optimized-1.jpg,מיטות בעיצוב אישי
מיטת במה גל עם ארגז ראש F,https://www.mandelboim.com/product/%d7%9e%d7%99%d7%98%d7%aa-%d7%91%d7%9e%d7%94-%d7%92%d7%9c-%d7%a2%d7%9d-%d7%90%d7%a8%d7%92%d7%96-%d7%a8%d7%90%d7%a9-f/,5500,N/A,"במיטה מעוצבת של מנדלבוים אתם בוחרים את בסיס המיטה וראש המיטה המתאימים לטעמכם האישי.בנוסף, תוכלו לבחור את צבע הבד העוטף את המיטה וסוג הבד מתוך מגוון רחב של אפשרויות צבע וטקסטורה",https://www.mandelboim.com/wp-content/uploads/2025/02/FFFגל.jpg,מיטות
מיטה יהודית עם ארגז ראש Q,https://www.mandelboim.com/product/%d7%9e%d7%99%d7%98%d7%94-%d7%99%d7%94%d7%95%d7%93%d7%99%d7%aa-%d7%a2%d7%9d-%d7%90%d7%a8%d7%92%d7%96/,5500,N/A,"במיטה מעוצבת של מנדלבוים אתם בוחרים את בסיס המיטה וראש המיטה המתאימים לטעמכם האישי.בנוסף, תוכלו לבחור את צבע הבד העוטף את המיטה וסוג הבד מתוך מגוון רחב של אפשרויות צבע וטקסטורה",https://www.mandelboim.com/wp-content/uploads/2025/02/יהודית-Q.png,מיטות
מזרן מילאנו 190*140,https://www.mandelboim.com/product/%d7%9e%d7%96%d7%a8%d7%9f-%d7%9e%d7%99%d7%9c%d7%90%d7%a0%d7%95-190140/,1970,190*140,מזרן דו צדדי – צד אחד רך והשני קשה.מבנה המזרן נותן תמיכה אופטימלית לגוף ומתאים לכולם מילדים ועד למבוגרים.ציפה קווילט הנותנת רכות ונעימות לשינה עמוקה.,https://www.mandelboim.com/wp-content/uploads/2023/11/מזרן-מילאנו.jpg,מציאון ועודפים
מזרן מילאנו 200*160,https://www.mandelboim.com/product/%d7%9e%d7%96%d7%a8%d7%9f-%d7%9e%d7%99%d7%9c%d7%90%d7%a0%d7%95-200160/,2315,200*160,מזרן דו צדדי – צד אחד רך והשני קשה.מבנה המזרן נותן תמיכה אופטימלית לגוף ומתאים לכולם מילדים ועד למבוגרים.ציפה קווילט הנותנת רכות ונעימות לשינה עמוקה.,https://www.mandelboim.com/wp-content/uploads/2023/11/מזרן-מילאנו.jpg,מציאון ועודפים
סט מצעים 100% כותנת סטן סרוקה &#8211; צבע אופוויט,https://www.mandelboim.com/product/%d7%a1%d7%98-%d7%9e%d7%a6%d7%a2%d7%99%d7%9d-100-%d7%9b%d7%95%d7%aa%d7%a0%d7%94-%d7%a1%d7%a8%d7%95%d7%a7%d7%94-%d7%a6%d7%91%d7%a2-%d7%90%d7%95%d7%a4%d7%95%d7%95%d7%99%d7%98/,320,N/A,"סט מצעים מלא, 100% כותנה סרוקה באריגת סטן המעניקה תחושה רכה ונעימה למגע.כותנת סטן 400 , בד איכותי חלק ונעים המעניק תחושת פינוק ורוגע.מובטחת חווית שינה נפלאה !",https://www.mandelboim.com/wp-content/uploads/2025/02/אריזה-בז.png,N/A
סט מצעים 100% כותנת סטן סרוקה &#8211; צבע אפור כהה,https://www.mandelboim.com/product/%d7%a1%d7%98-%d7%9e%d7%a6%d7%a2%d7%99%d7%9d-100-%d7%9b%d7%95%d7%aa%d7%a0%d7%94-%d7%a1%d7%a8%d7%95%d7%a7%d7%94-%d7%a6%d7%91%d7%a2-%d7%90%d7%a4%d7%95%d7%a8-%d7%91%d7%94%d7%99%d7%a8-%d7%9b%d7%94%d7%94/,320,N/A,"סט מצעים מלא, 100% כותנה סרוקה באריגת סטן המעניקה תחושה רכה ונעימה למגע.כותנת סטן 400 , בד איכותי חלק ונעים המעניק תחושת פינוק ורוגע.מובטחת חווית שינה נפלאה !",https://www.mandelboim.com/wp-content/uploads/2025/02/אריזה-אפור-כהה.png,N/A
סט מצעים 100% כותנת סטן סרוקה &#8211; צבע אפור בהיר,https://www.mandelboim.com/product/%d7%a1%d7%98-%d7%9e%d7%a6%d7%a2%d7%99%d7%9d-100-%d7%9b%d7%95%d7%aa%d7%a0%d7%94-%d7%a1%d7%a8%d7%95%d7%a7%d7%94-%d7%a6%d7%91%d7%a2-%d7%90%d7%a4%d7%95%d7%a8-%d7%91%d7%94%d7%99%d7%a8/,320,N/A,"סט מצעים מלא, 100% כותנה סרוקה באריגת סטן המעניקה תחושה רכה ונעימה למגע.כותנת סטן 400 , בד איכותי חלק ונעים המעניק תחושת פינוק ורוגע.מובטחת חווית שינה נפלאה !",https://www.mandelboim.com/wp-content/uploads/2025/02/אריזה-אפור-בהיר.png,N/A
סט מצעים 100% כותנת סטן סרוקה &#8211; צבע לבן,https://www.mandelboim.com/product/%d7%a1%d7%98-%d7%9e%d7%a6%d7%a2%d7%99%d7%9d-100-%d7%9b%d7%95%d7%aa%d7%a0%d7%94-%d7%a1%d7%a8%d7%95%d7%a7%d7%94-%d7%a6%d7%91%d7%a2-%d7%9c%d7%91%d7%9f/,320,N/A,"סט מצעים מלא, 100% כותנה סרוקה באריגת סטן המעניקה תחושה רכה ונעימה למגע.כותנת סטן 400 , בד איכותי חלק ונעים המעניק תחושת פינוק ורוגע.מובטחת חווית שינה נפלאה !",https://www.mandelboim.com/wp-content/uploads/2025/02/אריזה-לבן.png,N/A
מזרן סופר נייט Super Night,https://www.mandelboim.com/product/%d7%9e%d7%96%d7%a8%d7%9f-%d7%a1%d7%95%d7%a4%d7%a8-%d7%a0%d7%99%d7%99%d7%98-super-night/,2069,N/A,"מזרן המכיל פולימר גמיש בצפיפות גבוהה, ומעליו שכבת נוחות לבחירה בין לטקס שהוא מצע גמיש ואוורירי, המעניק תחושת קפיציות מושלמת ותמיכה מלאה לגוף, או ויסקו פניאומטי MD שאינו מושפע משינויי טמפרטורה ושומר על דרגת קושי קבועה.הויסקו של MD מנדלבוים משמש מצע מעולה לפיזור ולחצים ותורם לתחושת ריחוף מפנקת.גובה המזרן כ-22 ס""מ",https://www.mandelboim.com/wp-content/uploads/2025/02/סופר.png,מזרנים לילדים ונוער
מזרן עודפים סאן שיין 200*80 מתאים גם למתכווננת,https://www.mandelboim.com/product/%d7%9e%d7%96%d7%a8%d7%9f-%d7%a2%d7%95%d7%93%d7%a4%d7%99%d7%9d-%d7%a1%d7%90%d7%9f-%d7%a9%d7%99%d7%99%d7%9f-20080-%d7%9e%d7%aa%d7%90%d7%99%d7%9d-%d7%92%d7%9d-%d7%9e%d7%aa%d7%9b%d7%95%d7%95%d7%a0%d7%a0/,1300,200*80,"מזרן לטקס המעניק קפיציות וגמישותמורכב משתי שכבות , בד המזרן הינו בד המתאים לאקלים בארץ .מתאים במיוחד למי שמחפש מזרנים קלים ולא עביםעובי המזרן כ – 22 ס”ממתאים גם למיטה מתכווננת",https://www.mandelboim.com/wp-content/uploads/2025/02/SunShin.jpg,מציאון ועודפים
מזרן כחול &#8211; מזרן למיטת חבר,https://www.mandelboim.com/product/%d7%9e%d7%96%d7%a8%d7%9f-%d7%9b%d7%97%d7%95%d7%9c/,330,N/A,"המזרן מגיע בדרגת קושי קשיחה או בינונית לבחירה, עטוף בבד כותנה כחול.מתאים למיטות חבר, או כמזרן זמני.למזרן קבוע אנו ממליצים על מזרן מדגם""ג'וניור"".ניתן לקבל את המזרן מגולגל בוואקום לאיסוף נוח וללא עלות מאחד מסניפי הרשת.",https://www.mandelboim.com/wp-content/uploads/2025/02/mizron_blue_optimized.png,Mandelboim On line
מזרן פרובנס אקסלוסיב מידה 200*140,https://www.mandelboim.com/product/%d7%9e%d7%96%d7%a8%d7%9f-%d7%a4%d7%a8%d7%95%d7%91%d7%a0%d7%a1-%d7%90%d7%a7%d7%a1%d7%9c%d7%95%d7%a1%d7%99%d7%91-%d7%9e%d7%99%d7%93%d7%94-200140/,3995,200*140,"ליבת המזרן עשויה משלוש שכבות של פוליאוריתן, בדרגות קושי שונות לתמיכה ויציבות לאורך זמן.מעליהם, שכבת נוחות צפה (פילוטופ) עשויה ויסקו פניאומטי MD שאינו מושפע מטמפרטורה חיצונית ושומר על דרגת קושי קבועה.משמש מצע מעולה לפיזור ולחצים ותורם לתחושת ריחוף מפנקת.המזרן עטוף בבד איכותי בתפירת קוילט עם 2 ס""מ ויסקו המעניק למזרן תחושת נוחות מרבית.",https://www.mandelboim.com/wp-content/uploads/2025/01/פרוסיב.jpg,מציאון ועודפים
כורסת לילך,https://www.mandelboim.com/product/%d7%9b%d7%95%d7%a8%d7%a1%d7%aa-%d7%9c%d7%99%d7%9c%d7%9a/,1145,N/A,"כורסת טלוויזיה ""לילך""כורסה מפנקת עם מנגנון איכותי המאפשר להתנדנד ולהסתובב 360 מעלות.מגיעה עם בד איכותי ונעים למגע.הכורסה מרופדת בספוג HR בעל קפיציות גבוהה ומשקל סגולי גבוה ומעניקה נוחות ועמידות לאורך שנים.מכילה משענת רגליים נשלפת עד למצב שכיבה- מאפשרת שכיבה, שינה , צפייה בטלוויזיה ועוד .להתרווח על הכורסה בנוחות מקסימלית .תמיכה מושלמת לעמוד השדרה, מהגב התחתון עד הצוואר.מגיעה ב-3 צבעיםאפור כההאפור בהירחום בהיר",https://www.mandelboim.com/wp-content/uploads/2025/01/03כורסא_optimized-1.jpg,כורסאות
כורסת הדס,https://www.mandelboim.com/product/%d7%9b%d7%95%d7%a8%d7%a1%d7%aa-%d7%94%d7%93%d7%a1/,1145,N/A,"כורסת טלוויזיה “הדס”כורסה מפנקת עם מנגנון איכותי המאפשר להתנדנד ולהסתובב 360 מעלות.מגיעה עם בד איכותי ונעים למגע.הכורסה מרופדת בספוג HR בעל קפיציות גבוהה ומשקל סגולי גבוה ומעניקה נוחות ועמידות לאורך שנים.מכילה משענת רגליים נשלפת עד למצב שכיבה- מאפשרת שכיבה, שינה , צפייה בטלוויזיה ועוד .להתרווח על הכורסה בנוחות מקסימלית .תמיכה מושלמת לעמוד השדרה, מהגב התחתון עד הצוואר.מגיעה ב-3 צבעיםאפור כההאפור בהירחום בהיר",https://www.mandelboim.com/wp-content/uploads/2025/01/01כורסא_optimized-1.jpg,כורסאות
מזרן ריו אקסלוסיב ויסקו +לטקס 200*160,https://www.mandelboim.com/product/%d7%9e%d7%96%d7%a8%d7%9f-%d7%a8%d7%99%d7%95-%d7%90%d7%a7%d7%a1%d7%9c%d7%95%d7%a1%d7%99%d7%91-rio-latex-visco-exclusive/,3600,200*160,"לטקס או ויסקו? אפשר גם וגם. ליבת המזרן מורכבת משתי שכבות של פוליאוריתן מוקצף בדרגות קושי שונות, לתמיכה ויציבות לאורך זמן.בצד אחד של המזרן, ברמת קושי קשה, שכבת נוחות מפנקת של לטקס, שהוא מצע גמיש וקפיצי לתמיכה מושלמת.בצד שני, ברמת קושי בינוני, שכבת נוחות מפנקת של ויסקו פניאומטי MD, שאינו מושפע משינויי טמפרטורה ושומר על דרגת קושי קבועה.משמש מצע מעולה לפיזור ולחצים ותורם לתחושת ריחוף מפנקת.קיים רק במידה 200X160",https://www.mandelboim.com/wp-content/uploads/2023/09/ריו-ערוך-סופי-scaled.jpg,Mandelboim On line
מזרן אישי לטיולים,https://www.mandelboim.com/product/%d7%9e%d7%96%d7%a8%d7%9f-%d7%90%d7%99%d7%a9%d7%99-%d7%9c%d7%98%d7%99%d7%95%d7%9c%d7%99%d7%9d/,180,N/A,מזרן אישי לטיוליםמגיע מגולגלמידה 4*70*190,https://www.mandelboim.com/wp-content/uploads/2025/01/pihnik_close_2-option-copy.png,N/A
מזרן עודפים מלטה לטקס 84*200,https://www.mandelboim.com/product/%d7%9e%d7%96%d7%a8%d7%9f-%d7%a2%d7%95%d7%93%d7%a4%d7%99%d7%9d-%d7%9e%d7%9c%d7%98%d7%94-%d7%9c%d7%98%d7%a7%d7%a1-84200/,1620,84*200,"מזרן לטקס בעל ליבת קפיצים מבודדים הארוזים כל אחד בנפרד על מנת לאפשר את פעולתם העצמאית של הקפיצים ולבודד מעבר של תנודות ולחצים בין חלקי המזרן.מזרן בעל ליבת קפיצים מבודדים הארוזים כל אחד בנפרד, על מנת לאפשר את פעולתם העצמאית של הקפיצים ולבודד מעבר של תנודות ולחצים בין חלקי המזרן.שכבת נוחות מלטקס גמיש, לאלו שאוהבים מזרן קפיצי וגמיש בדרגת קושי בינונית.רמת קושי: קשה \ בינוניגובה מזרן: 29 ס""מ",https://www.mandelboim.com/wp-content/uploads/2019/07/Malta.jpg,מציאון ועודפים
מזרן עודפים איביזה 200*80 מתאים גם למתכווננת,https://www.mandelboim.com/product/%d7%9e%d7%96%d7%a8%d7%9f-%d7%a2%d7%95%d7%93%d7%a4%d7%99%d7%9d-%d7%90%d7%99%d7%91%d7%99%d7%96%d7%94-20080-%d7%9e%d7%aa%d7%90%d7%99%d7%9d-%d7%92%d7%9d-%d7%9c%d7%9e%d7%aa%d7%9b%d7%95%d7%95%d7%a0%d7%a0/,1361,200*80,"רמת קושי: קשהגובה מזרן: 22 ס""מלא כולל הובלה",https://www.mandelboim.com/wp-content/uploads/2023/06/ibiza.png1_.jpg,מציאון ועודפים
מזרן סן טרופה Saint Tropez,https://www.mandelboim.com/product/%d7%9e%d7%96%d7%a8%d7%9f-%d7%a1%d7%9f-%d7%98%d7%a8%d7%95%d7%a4%d7%94-saint-tropez/,4952,N/A,"מזרן סן טרופה מגיע עם שתי שכבות ויסקו, כולל שכבת ויסקו בצפיפות גבוהה של P60 ושכבה נוספת של ויסקו בצפיפות אולטרה גבוהה של P80 , לתמיכה אופטימלית בכל אזורי המגע של הגוף עם המזרן.המבנה הייחודי של סן טרופה עם שתי השכבות, מאפשר ליהנות מהשילוב של תחושת הריחוף האופיינית לויסקו עם פיזור לחצים מושלם.מזרן סן טרופה עם שכבת הויסקו P80 מתאים גם למיטות מתכווננות.מגיע בשתי דרגות קושי : רך וקשה.סגירת המזרן בתפירת קווילט מפנקת",https://www.mandelboim.com/wp-content/uploads/2024/12/סאן-טרופה-מותאם-עם-צבע-scaled.jpg,מבצעי החודש
מזרן מתקפל,https://www.mandelboim.com/product/%d7%9e%d7%96%d7%a8%d7%9f-%d7%9e%d7%aa%d7%a7%d7%a4%d7%9c/,250,N/A,מזרן מתקפל ל 4 חלקיםמידות המזרן  190X80X5,https://www.mandelboim.com/wp-content/uploads/2024/12/mizrom-mithkpal-piknik_open_f.png,N/A
מזרן דרימאה,https://www.mandelboim.com/product/%d7%9e%d7%96%d7%a8%d7%9f-%d7%93%d7%a8%d7%99%d7%9e%d7%90%d7%94/,549,N/A,"מזרן פולימר גמיש בצפיפות גבוהה, מומלץ לאוהבי דרגה קשיחה.מגיע בשתי מידות + ידיות190/140 ,190/90עובי המזרן כ17-18 ס""מהמזרן מגיע מגולגל בוואקם.",https://www.mandelboim.com/wp-content/uploads/2024/11/דרימאה-140-scaled.jpg,Mandelboim On line
כרית שינה לתינוקות ולילדים Sweet Dreams,https://www.mandelboim.com/product/%d7%9b%d7%a8%d7%99%d7%aa-%d7%a9%d7%99%d7%a0%d7%94-%d7%90%d7%95%d7%a8%d7%98%d7%95%d7%a4%d7%93%d7%99%d7%aa-%d7%9c%d7%aa%d7%99%d7%a0%d7%95%d7%a7%d7%95%d7%aa-%d7%95%d7%9c%d7%99%d7%9c%d7%93%d7%99%d7%9d-s/,150,N/A,"לא במקרה ""להניח את הראש על הכר"" הוא הביטוי האופטימלי של מתן מנוחה לגוף ולנפש.לתנוחת הראש בעת השינה השפעה מכרעת על נינוחות שרירי הצוואר והכתפיים והלחץ על חוליות עמוד השדרה.כאשר מדובר בתינוקות וילדים, לשינה בריאה ונינוחה יש השפעה גדולה במיוחד על התפתחותם הגופנית והמנטלית.סוויט דרימס – חלומות מתוקים , כרית השינה האורטופדית לתינוקות וילדים מתפתחים פותחה ע""י חברת מנדלבוים בשיתוף מומחים בינלאומיים. היא נותנת את המענה הטוב ביותר לתמיכה מושלמת לראש ולצוואר ומבטיחה שינה רגועה.בלילות בהם התינוק מצונן או מקורר יש חשיבות להרמת ראשו לשם הקלה על הנשמה ומניעת גודש באף ובגרון .כרית סוויט דרימה עשויה ויסקו – חומרי פולימרי מתקדם המתאים עצמו למבנה גופו ותנוחת שנתו של תינוק וילדך.ניתן לשלוט בגובה הכרית.",https://www.mandelboim.com/wp-content/uploads/2024/10/tinok-scaled.jpg,N/A
מיטה זוגית נטע + מזרן הפי נייט,https://www.mandelboim.com/product/%d7%9e%d7%99%d7%98%d7%94-%d7%96%d7%95%d7%92%d7%99%d7%aa-%d7%a0%d7%98%d7%a2-%d7%9e%d7%96%d7%a8%d7%9f-%d7%94%d7%a4%d7%99-%d7%a0%d7%99%d7%99%d7%98/,6092,N/A,,https://www.mandelboim.com/wp-content/uploads/2024/09/neta_rosh_l_option_small_optimized-1.jpg,מיטה + מזרן
מיטה זוגית אריאל + מזרן איביזה,https://www.mandelboim.com/product/%d7%9e%d7%99%d7%98%d7%94-%d7%96%d7%95%d7%92%d7%99%d7%aa-%d7%90%d7%a8%d7%99%d7%90%d7%9c-%d7%9e%d7%96%d7%a8%d7%9f-%d7%90%d7%99%d7%91%d7%99%d7%96%d7%94/,7090,N/A,,https://www.mandelboim.com/wp-content/uploads/2024/09/arieal_rosh_a_option_small_optimized-1.jpg,מיטה + מזרן
מיטת ג'ולי,https://www.mandelboim.com/product/%d7%9e%d7%99%d7%98%d7%aa-%d7%92%d7%95%d7%9c%d7%99/,0,N/A,"במיטה מעוצבת ""ג'ולי"" של מנדלבוים אתם בוחרים  את צבע הבד העוטף את המיטה וסוג הבד מתוך מגוון רחב של אפשרויות צבע וטקסטורה*מגיעה כמיטה רגילה או כמיטה מתכווננת",https://www.mandelboim.com/wp-content/uploads/2024/09/juli_optimized-1.jpg,מיטות
מיטת נטע ראש L,https://www.mandelboim.com/product/%d7%9e%d7%99%d7%98%d7%aa-%d7%a0%d7%98%d7%a2-%d7%a8%d7%90%d7%a9-l/,0,N/A,"במיטה מעוצבת של מנדלבוים אתם בוחרים את בסיס המיטה וראש המיטה המתאימים לטעמכם האישי.בנוסף, תוכלו לבחור את צבע הבד העוטף את המיטה וסוג הבד מתוך מגוון רחב של אפשרויות צבע וטקסטורה*מגיעה כמיטה רגילה או כמיטה מתכווננת",https://www.mandelboim.com/wp-content/uploads/2024/09/neta_rosh_l_option_small_optimized-1.jpg,מיטות
מיטת נטע ראש B,https://www.mandelboim.com/product/%d7%9e%d7%99%d7%98%d7%aa-%d7%a0%d7%98%d7%a2-%d7%a8%d7%90%d7%a9-b/,0,N/A,"במיטה מעוצבת של מנדלבוים אתם בוחרים את בסיס המיטה וראש המיטה המתאימים לטעמכם האישי.בנוסף, תוכלו לבחור את צבע הבד העוטף את המיטה וסוג הבד מתוך מגוון רחב של אפשרויות צבע וטקסטורה*מגיעה כמיטה רגילה או כמיטה מתכווננת",https://www.mandelboim.com/wp-content/uploads/2024/09/neta_rosh_b_small_optimized-1.jpg,מיטות
מיטת אריאל ראש A,https://www.mandelboim.com/product/%d7%9e%d7%99%d7%98%d7%aa-%d7%90%d7%a8%d7%99%d7%90%d7%9c-%d7%a8%d7%90%d7%a9-a/,0,N/A,"במיטה מעוצבת של מנדלבוים אתם בוחרים את בסיס המיטה וראש המיטה המתאימים לטעמכם האישי.בנוסף, תוכלו לבחור את צבע הבד העוטף את המיטה וסוג הבד מתוך מגוון רחב של אפשרויות צבע וטקסטורה*מגיעה כמיטה רגילה או כמיטה מתכווננת",https://www.mandelboim.com/wp-content/uploads/2024/09/arieal_rosh_a_option_small_optimized-1.jpg,מיטות
מיטת מורן יהודית מתכווננת עם ארגז,https://www.mandelboim.com/product/%d7%9e%d7%99%d7%98%d7%aa-%d7%9e%d7%95%d7%a8%d7%9f-%d7%99%d7%94%d7%95%d7%93%d7%99%d7%aa-%d7%9e%d7%aa%d7%9b%d7%95%d7%95%d7%a0%d7%a0%d7%aa-%d7%a2%d7%9d-%d7%90%d7%a8%d7%92%d7%96/,0,N/A,"במיטה מעוצבת של מנדלבוים אתם בוחרים את בסיס המיטה וראש המיטה המתאימים לטעמכם האישי.בנוסף, תוכלו לבחור את צבע הבד העוטף את המיטה וסוג הבד מתוך מגוון רחב של אפשרויות צבע וטקסטורה",https://www.mandelboim.com/wp-content/uploads/2024/09/MORAN.jpg,מיטות מתכווננות
מיטת אריאל מתכווננת ראש B,https://www.mandelboim.com/product/%d7%9e%d7%99%d7%98%d7%aa-%d7%90%d7%a8%d7%99%d7%90%d7%9c-%d7%9e%d7%aa%d7%9b%d7%95%d7%95%d7%a0%d7%a0%d7%aa-%d7%a8%d7%90%d7%a9-b/,0,N/A,"במיטה מעוצבת של מנדלבוים אתם בוחרים את בסיס המיטה וראש המיטה המתאימים לטעמכם האישי.בנוסף, תוכלו לבחור את צבע הבד העוטף את המיטה וסוג הבד מתוך מגוון רחב של אפשרויות צבע וטקסטורה.*מגיעה כמיטה רגילה או כמיטה מתכווננת",https://www.mandelboim.com/wp-content/uploads/2024/09/Bariel.jpg,מיטות בעיצוב אישי
שידה ריגה,https://www.mandelboim.com/product/%d7%a9%d7%99%d7%93%d7%94-%d7%a8%d7%99%d7%92%d7%94/,1532,N/A,,https://www.mandelboim.com/wp-content/uploads/2024/09/riga_final_option_small_optimized.jpg,שידות
שידה רוזה,https://www.mandelboim.com/product/%d7%a9%d7%99%d7%93%d7%94-%d7%a8%d7%95%d7%96%d7%94/,841,N/A,,https://www.mandelboim.com/wp-content/uploads/2024/09/rozha_final_small_optimized.jpg,שידות
מיטת קארין +מזרן הפי נייט 120,https://www.mandelboim.com/product/%d7%9e%d7%91%d7%a6%d7%a2-%d7%a1%d7%a4%d7%98%d7%9e%d7%91%d7%a8-%d7%9e%d7%99%d7%98%d7%aa-%d7%a7%d7%90%d7%a8%d7%99%d7%9f-%d7%a8%d7%99%d7%95-160/,3980,N/A,"מזרן ""הפי נייט "" + מיטת ""קארין""  בצבע אפור בהיר עם מנגנון מיוחד לפתיחה אופקית המאפשר גישה קלה ונוחה להחלפת מצעים ולשימוש בארגז האחסון.מידת המזרן 200*120",https://www.mandelboim.com/wp-content/uploads/2024/08/קארין-אופטי.jpg,מבצעי החודש
מיטת קארין,https://www.mandelboim.com/product/%d7%9e%d7%99%d7%98%d7%aa-%d7%a7%d7%90%d7%a8%d7%99%d7%9f/,3080,N/A,"מגיעה במגוון צבעים, מכילה ארגז גדול ומרווח עם פתיחה קלה",https://www.mandelboim.com/wp-content/uploads/2024/08/קארין-אופטי.jpg,מיטות
טבורט / הדום,https://www.mandelboim.com/product/%d7%98%d7%91%d7%95%d7%a8%d7%98-%d7%94%d7%93%d7%95%d7%9d/,1400,N/A,"מגיע בקוטר לבחירה 80 ס""מ או 60 ס""מ , גובה 40 ס""מ.ניתן לבחור בד וצבע בהתאמה אישית.",https://www.mandelboim.com/wp-content/uploads/2024/03/טבורט_optimized.png,שידות
כרית מושב ויסקו,https://www.mandelboim.com/product/%d7%9b%d7%a8%d7%99%d7%aa-%d7%9e%d7%95%d7%a9%d7%91-%d7%95%d7%99%d7%a1%d7%a7%d7%95/,325,N/A,"כרית מושב ויסקו + שרוכיםגודל 40X40 עם שכבת ויסקו בעובי 6 ס""מ",https://www.mandelboim.com/wp-content/uploads/2024/03/כרית-מושב_optimized-scaled.jpg,N/A
מגן מזרן NIGHT LINE פרימיום,https://www.mandelboim.com/product/%d7%9e%d7%92%d7%9f-%d7%9e%d7%96%d7%a8%d7%9f/,130,N/A,"מגן NIGHT LINE של מנדלבוים הינו מגן מזרן נושם וחסין לנוזלים אשר עוצב במיוחד עבור מזרני מנדלבוים.חסין לנוזלים – דוחה קרדית האבק – 100% נושםמגן מזרן זה ישמור על המזרן שלכם יבש ויאפשר לכם ליהנות משינה נעימה ונוחה.תכונות :עמיד לכתמים , בקטריות וריחותשכבה עליונה נמתחת ושכבה תחתונה אטומה עשויה פוליאוריתןאינו מרעיש ואינו מתקמטללא פתאלטיםהוראות כביסהטמפרטורת כביסה 40 מעלות צלזיוסאין להשתמש במוצרי ניקוי עם חומרים פעיליםיש לייבש היטב את המוצר על מנת לשמור על האווריריות של המגןאין לגהץ",https://www.mandelboim.com/wp-content/uploads/2024/03/מגן-מזרן-חדש.png,N/A
מזרן נאפולי 200*160,https://www.mandelboim.com/product/%d7%9e%d7%96%d7%a8%d7%9f-%d7%a0%d7%90%d7%a4%d7%95%d7%9c%d7%99-napoli1/,2450,200*160,"מזרן קפיצי פוקט בשילוב ויסקו לפיזור לחצים מושלם ותחושת ריחוף.המזרן עטוף בבד המשולב סיבי עץ הבמבוק הידוע ברכות שלו, בויסות חום הגוף וביכולת הטבעית שלו לספק שינה טובה ומפנקת.",https://www.mandelboim.com/wp-content/uploads/2024/01/מזרן-נאפולי-scaled.jpg,Mandelboim On line
כרית ביו GreenBio Relax,https://www.mandelboim.com/product/%d7%9b%d7%a8%d7%99%d7%aa-%d7%91%d7%99%d7%95-greenbio-relax/,465,N/A,"הכרית האנטומית שיש בה הכל .בכרית אחת תמצאו את כל הפינוק של הויסקו לפיזור לחצים באיזור המגע של הראש עם הכרית ,בתוספת רכיבים ביולוגים ואקולוגים כגון: שמנים חיוניים, שמן קיק , סויה וצמחים רפואיים אשר מרגיעים ומשפרים את נוחות השינה ונוחות היקיצה שלכם.ללא CFC – אנטי אלרגני – דוחה קרדית האבק – ארגונומי – אקולוגי – אנטומי – מפזר לחצים",https://www.mandelboim.com/wp-content/uploads/2023/07/כרית-ירוקה-BIO-1.png,N/A
מזרן ג’וניור JUNIOR,https://www.mandelboim.com/product/%d7%9e%d7%96%d7%a8%d7%9f-%d7%92%d7%95%d7%a0%d7%99%d7%95%d7%a8/,957,N/A,"המזרן מגיע בעובי 14 ס""מ בשילוב שכבת נוחות מסוג לטקס הנותנת תמיכה לכל נקודה ונקודה בגוף .מתאים לילדים ומתבגרים עד גיל 16.עטוף בבד  המנדף זיעה ונותן תחושת רעננות.",https://www.mandelboim.com/wp-content/uploads/2024/01/JUNIOR-scaled.jpg,מזרנים לילדים ונוער
שמיכת פינוק מודל פרמיום,https://www.mandelboim.com/product/%d7%a9%d7%9e%d7%99%d7%9b%d7%aa-%d7%a4%d7%99%d7%a7%d7%94-%d7%9e%d7%95%d7%93%d7%9c-%d7%a4%d7%a8%d7%9e%d7%99%d7%95%d7%9d/,285,N/A,"להרגשה נפלאה עם מגע טבעיכחלק מהמהפכה הטכנולוגית בטקסטיל, בד עשוי סיבי צלולוז על בסיס בוטני מגדיר מחדש מהי קיימות ונוחות טבעית.כשמתכסים בשמיכת זו מרגישים מיד את מגע המשי המלטף ורואים את איכות התפירה ואת הברק הטבעי של הבד.הבד עוטף בעדינות את הגוף ומעניק תחושת נוחות טבעית.100% סיבי בד טבעייםדוחה יתושיםנוגד מתחיםאנטי בקטריאליאקסטרה רכותבקרת לחות וחום גוףמידת השמיכה 220×230",https://www.mandelboim.com/wp-content/uploads/2023/09/1שמיכה-scaled.jpg,Mandelboim On line
מזרן מנדי Mandy,https://www.mandelboim.com/product/%d7%9e%d7%96%d7%a8%d7%9f-%d7%a4%d7%a1%d7%99%d7%a4%d7%99%d7%a7/,2200,N/A,"ליבת המזרן מורכבת משתי שכבות פוליאוריתן מוקצף בדרגות קושי שונות לתמיכה ויציבות לאורך זמן.מעליהם, שכבת נוחות מפנקת של ויסקו MD שאינו מושפע משינויי טמפרטורה ושומר על דרגת קושי קבועה.משמש מצע מעולה לפיזור ולחצים ותורם לתחושת ריחוף מפנקת.גובה המזרן כ23 ס""מ.רמת קושי רך/בינוני",https://www.mandelboim.com/wp-content/uploads/2023/08/Mandy.png,Mandelboim On line
מזרן טוקיו TOKYO,https://www.mandelboim.com/product/%d7%9e%d7%96%d7%a8%d7%9f-%d7%98%d7%95%d7%a7%d7%99%d7%95/,7832,N/A,"ליבת המזרן מורכבת משלוש שכבות בצפיפות גבוהה בדרגות קושי שונות לתמיכה ויציבות לאורך זמן.המזרן מגיע עם שכבת נוחות מלטקס שהוא מצע גמיש ואוורירי,המעניק תחושת קפיציות מושלמת ותמיכה מלאה לכל חלקי הגוף.",https://www.mandelboim.com/wp-content/uploads/2023/06/טוקיו.jpg,מזרן בדרגת קושי קשיחה
מזרן איביזה IBIZA,https://www.mandelboim.com/product/%d7%9e%d7%96%d7%a8%d7%9f-%d7%90%d7%99%d7%91%d7%99%d7%96%d7%94-ibiza/,2189,N/A,"הפתרון המושלם לשינה בריאה ומפנקת.מערכת תמיכה מושלמת של פולימר גמיש בצפיפות גבוהה, ומעליו משטח העשוי מ-100% לטקס שהינו גומי בעל גמישות אופטימלית לתמיכה אורטופדית מושלמת.המזרן עטוף בבד איכותי בטכנולוגיית COOLMAX המגיעה מעולם הספורט.המזרן מתאים גם למיטה מתכווננת",https://www.mandelboim.com/wp-content/uploads/2023/06/ibiza.png1_.jpg,מזרנים
מזרן סנטה מוניקה Santa Monica,https://www.mandelboim.com/product/%d7%9e%d7%96%d7%a8%d7%9f-santa-monica/,10084,N/A,"המזרן ההיברידי היוקרתי של מנדלבוים מחולק לשני אזורים שונים, המותאמים לשני בני הזוג, כל אחד לפי פרופיל השינה שלו והעדפתו.ליבת המזרן מורכבת מארבע שכבות של פוליאוריתן קפיצי וקשיח, עם שכבה של קפיצי Pocket springs בצפיפות גבוהה, הארוזים כל אחד בנפרד לגמישות ותמיכה נקודתית לכל איברי הגוף.מעליהם, שכבת נוחות מפנקת של COCOON אחד מהחומרים המתקדמים ביותר בעולם השינה, בלעדי למנדלבוים.המבנה הפולימרי הייחודי שיש ב COCOON מונע את הצטברות הלחות הטבעית הנוצרת על ידי הגוף במהלך השינה ( בעיקר באזורי המגע של איברי הגוף עם המזרן) מסייע בהובלת חום הרחק מפני השטח של הגוף ובכך שומר על טמפרטורת גוף נוחה ומסייע לפיזור לחצים מושלם ע""י התאמה לטביעת הגוף ויצירת שטח מגע מקסימלי בין הגוף למזרן .מזרן קפיצים יוקרתי המחולק לשני אזורים המתאימים לשני בני הזוג והעדפותיהם.עם קפיצי Pocket springs מבודדים בצפיפות גבוהה, המספקים גמישות ותמיכה לגוף לאורך שנים. מעליהם, שכבת נוחות מ Cocoon החומר המתקדם ביותר בעולם השינה המשלב את הטוב משני העולמות. הגמישות של הלאטקס ויכולת פיזור הלחצים שלו, ביחד עם הקפיצות הגבוהה ותחושת ""הריחוף"" האופינית לויסקו. מגיע בשלוש דרגות קושי, כשהפופולריות הם הקשה והקלאסי.המזרן מגיע בשלוש דרגות קושי: רך, קלאסי וקשה",https://www.mandelboim.com/wp-content/uploads/2023/03/SANTA_MONICA_800.jpg,מזרנים
מזרן מדיסון אבניו Madison Avenue,https://www.mandelboim.com/product/%d7%9e%d7%96%d7%a8%d7%9f-%d7%9e%d7%93%d7%99%d7%a1%d7%95%d7%9f-%d7%90%d7%91%d7%a0%d7%99%d7%95-madison-avenue/,12307,N/A,"ליבת המזרן מורכבת מפוליאוריתן גמיש לתמיכה ויציבות, עם שכבת נוחות מפנקת מ COCOON אחד מהחומרים המתקדמים ביותר בעולם השינה, בלעדי למנדלבוים.המבנה הפולימרי הייחודי שיש ב COCOON מונע את הצטברות הלחות הטבעית הנוצרת על ידי הגוף במהלך השינה (בעיקר באזורי המגע של איברי הגוף עם המזרן) מסייע בהובלת חום הרחק מפני השטח של הגוף ובכך שומר על טמפרטורת גוף נוחה ומסייע לפיזור לחצים מושלם ע""י התאמה לטביעת הגוף ויצירת שטח מגע מקסימלי בין הגוף למזרן במהלך השינה.ועוד במזרן, שכבת פינוק צפה (פילוטופ) של ויסקו פנאומטי MD שאינו מושפע משינויי טמפרטורה ושומר על דרגת קושי קבועה. משמש מצע מעולה לפיזור ולחצים ותורם לתחושת ריחוף מפנקת. המזרן עטוף בבד כותנה עם סאטן בלגי יוקרתי לתחושת רכות מפנקת.",https://www.mandelboim.com/wp-content/uploads/2023/03/MADISON_AVEUE800.jpg,מזרנים
מזרן טוסקנה TOSCANA,https://www.mandelboim.com/product/%d7%9e%d7%96%d7%a8%d7%9f-%d7%98%d7%95%d7%a1%d7%a7%d7%a0%d7%94-toscana/,3596,N/A,"ליבת המזרן מורכבת מפוליאוריתן גמיש לתמיכה ויציבות. מעליה, שכבת נוחות מפנקת של ויסקו פניאומטי MD שאינו מושפע משינויי טמפרטורה ושומר על דרגת קושי קבועה.משמש מצע מעולה לפיזור ולחצים ותורם לתחושת ריחוף מפנקת. המזרן מתאים למיטה מתכווננת, שבה כל אחד מבני הזוג יכול לבחור את הצד הנוח לו, לנוחות מרבית ולשינה מפנקת.לבחירה עם/בלי בד יוקרתי בטכנולוגיית COOLER EXTREEM לשמירה על טמפרטורה קרירה בחלקו העליון של המזרן (בתוספת מחיר)",https://www.mandelboim.com/wp-content/uploads/2019/06/toscana.jpg,מזרנים
מזרן נאמוס Nammos,https://www.mandelboim.com/product/%d7%a0%d7%90%d7%9e%d7%95%d7%a1/,5485,N/A,"ליבת המזרן מורכבת משתי שכבות של פוליאוריתן מוקצף בדרגות קושי שונות לתמיכה ויציבות לאורך זמן. מעליהם, שכבת נוחות מ COCOON אחד מהחומרים המתקדמים בעולם השינה, בלעדי למנדלבוים.המבנה הפולימרי הייחודי שיש ב COCOON Flex מונע את הצטברות הלחות הטבעית הנוצרת על ידי הגוף במהלך השינה ( בעיקר באזורי המגע של איברי הגוף עם המזרן) מסייע בהובלת חום הרחק מפני השטח של הגוף ובכך שומר על טמפרטורת גוף נוחה ומסייע לפיזור לחצים מושלם ע""י התאמה לטביעת הגוף ויצירת שטח מגע מקסימלי בין הגוף למזרן במהלך השינה.המזרן מתאים הן למיטות מתכווננות והן למיטות רגילות.",https://www.mandelboim.com/wp-content/uploads/2019/12/MD_NAMMOS1280.jpg,מזרנים
"שכבת נוחות לטקס, עובי 6 ס&quot;מ",https://www.mandelboim.com/product/%d7%a9%d7%9b%d7%91%d7%aa-%d7%a0%d7%95%d7%97%d7%95%d7%aa-%d7%9c%d7%98%d7%a7%d7%a1-%d7%a2%d7%95%d7%91%d7%99-6-%d7%a1%d7%9e-2/,529,N/A,"שכבה מפנקת לשדרוג והקשחתהמזרן הקיים.לטקס הינו גומי טבעי בעל גמישות גבוהה,עמיד ,נושם ומאוורר מעניק תחושה נינוחה יוקרתית והכי חשוב שינה שקטה.המזרן עטוף בבד גמיש ונעים למגע.מגיע עם גומיות בפינות",https://www.mandelboim.com/wp-content/uploads/2019/10/SICVATNOCHOOT.jpg,שכבות נוחות
"שכבת נוחות ויסקו פנאומטי MD, עובי 6 ס&quot;מ",https://www.mandelboim.com/product/%d7%a9%d7%9b%d7%91%d7%aa-%d7%a0%d7%95%d7%97%d7%95%d7%aa-%d7%95%d7%99%d7%a1%d7%a7%d7%95-%d7%90%d7%9c%d7%a1%d7%98%d7%99-%d7%a2%d7%95%d7%91%d7%99-6-%d7%a1%d7%9e/,529,N/A,"שכבה מפנקת לשדרוג וריכוךהמזרן הקיים.ויסקו הנו חומר אלסטי המתאים עצמו למבנה הגוף, משחרר לחצים מומלץ לזרימת הדם מרפה את השריר, ומקנה רכות ורוגע לגוף.המזרן עטוף בבד גמיש ונעים למגע.מגיע עם גומיות בפינות",https://www.mandelboim.com/wp-content/uploads/2019/10/SICVATNOCHOOT.jpg,Mandelboim On line
מיטה YOYO,https://www.mandelboim.com/product/%d7%9e%d7%99%d7%98%d7%94-yoyo/,4650,N/A,"מיטה בעיצוב נקי  צעיר ורענן , 2 מנועים עוצמתיים שקטים – אחד לכוונון ראש המיטה והשני לכוונון הרגליים, רגלי ברזל חזקות, שלט אלחוטי תאורת לד, חיבור USB, מפסק מתח, אישור מכון תקנים , מזרן נשלף עשוי לטקס גמיש ומפנק.",https://www.mandelboim.com/wp-content/uploads/2019/09/yoyo_1280x1280.jpg,מבצעי החודש
מזרן פארק אבניו PARK AVENUE,https://www.mandelboim.com/product/park-avenue-%d7%9e%d7%a0%d7%93%d7%9c%d7%91%d7%95%d7%99%d7%9d-%d7%9e%d7%96%d7%a8%d7%95%d7%a0%d7%99%d7%9d/,12307,N/A,"מזרן שכולו פינוק ומומחיות. המזרן המתקדם ביותר טכנולוגית בעולם השינה!ליבת המזרן מורכבת מפוליאוריתן גמיש לתמיכה ויציבות עם קפיצי Micro springs בצפיפות גבוהה, הארוזים כל אחד בנפרד לגמישות ותמיכה נקודתית לכל איברי הגוף.מעליהם, שכבת נוחות של COCOON אחד מהחומרים המתקדמים ביותר בעולם השינה, בלעדי למנדלבוים.המבנה הפולימרי הייחודי שיש ב COCOON מונע את הצטברות הלחות הטבעית הנוצרת על ידי הגוף במהלך השינה ( בעיקר באזורי המגע של איברי הגוף עם המזרן) מסייע בהובלת חום הרחק מפני השטח של הגוף ובכך שומר על טמפרטורת גוף נוחה ומסייע לפיזור לחצים מושלם ע""י התאמה לטביעת הגוף ויצירת שטח מגע מקסימלי בין הגוף למזרן .ועוד במזרן, שכבה פינוק עליונה צפה (פילוטופ ) של ויסקו פנאומטי MD שאינו מושפע משינויי טמפרטורה ושומר על דרגת קושי קבועה. משמש מצע מעולה לפיזור ולחצים ותורם לתחושת ריחוף מפנקת.המזרן עטוף בבד כותנה סאטן בלגי יוקרתי לתחושת רכות נוספת.ליבת המזרן עשויה פוליאוריתן מוקצף ברמות קושי משתנות.קפיצי מיקרו ייחודיים הארוזים כל אחד בנפרד המקנים גמישות ותמיכה נקודתית לכל איברי הגוף.COCOON שכבה נוספת המצטיינת בשמירה על טמפרטורה ניטראלית ונעימה לשינה רעננה, פולימר המגיב מהר לתנועת הגוףשכבה נוספת של ויסקו פנאומטי MD המקנה זרימת דם ושחרור מושלם של חוליות ושרירי הגוף",https://www.mandelboim.com/wp-content/uploads/2019/09/park_avenue_1280x1280.jpg,מזרנים
מיטה זוגית אריאל ARIEL H,https://www.mandelboim.com/product/ariel-h/,0,N/A,"במיטה מעוצבת של מנדלבוים אתם בוחרים את בסיס המיטה וראש המיטה המתאימים לטעמכם האישי.בנוסף, תוכלו לבחור את צבע הבד העוטף את המיטה וסוג הבד מתוך מגוון רחב של אפשרויות צבע וטקסטורה*מגיעה כמיטה רגילה או כמיטה מתכווננת",https://www.mandelboim.com/wp-content/uploads/2019/08/Ariel_H.jpg,מיטות
מיטה זוגית אריאל ARIEL C,https://www.mandelboim.com/product/ariel-c/,0,N/A,"במיטה מעוצבת של מנדלבוים אתם בוחרים את בסיס המיטה וראש המיטה המתאימים לטעמכם האישי.בנוסף, תוכלו לבחור את צבע הבד העוטף את המיטה וסוג הבד מתוך מגוון רחב של אפשרויות צבע וטקסטורה*מגיעה כמיטה רגילה או כמיטה מתכווננת",https://www.mandelboim.com/wp-content/uploads/2019/08/Ariel_C.jpg,מיטות
מיטה זוגית אריאל ARIEL B,https://www.mandelboim.com/product/ariel-b/,0,N/A,"במיטה מעוצבת של מנדלבוים אתם בוחרים את בסיס המיטה וראש המיטה המתאימים לטעמכם האישי.בנוסף, תוכלו לבחור את צבע הבד העוטף את המיטה וסוג הבד מתוך מגוון רחב של אפשרויות צבע וטקסטורה*מגיעה כמיטה רגילה או כמיטה מתכווננת",https://www.mandelboim.com/wp-content/uploads/2019/08/Ariel_B.jpg,מיטות
מזרן מלטה לטקס/ויסקו MALTA LATEX/VISCO,https://www.mandelboim.com/product/malta-latex-visco/,5695,N/A,"מזרן בעל ליבת קפיצים מבודדים הארוזים כל אחד בנפרד, על מנת לאפשר את פעולתם העצמאית של הקפיצים ולבודד מעבר של תנודות ולחצים בין חלקי המזרן.– לבחירה: שכבת נוחות מויסקו פניאומטי במרקם ג'ל ייחודי למנדלבוים. אינו מושפע משינויי טמפרטורה, משמש מצע מעולה לפיזור ולחצים ותורם לתחושת ריחוף מפנקת.או שכבת נוחות מלטקס גמיש, לאלו שאוהבים מזרן קפיצי וגמיש בדרגת קושי בינונית.מזרן בעל ליבת קפיצים מבודדים הארוזים כל אחד בנפרד על מנת לאפשר את פעולתם העצמאית של הקפיצים ולבודד מעבר של תנודות ולחצים בין חלקי המזרן.שכבת הנוחות עשויה ויסקו פנאומטי MD או לטקס לפי בחירה.רמת קושי: קשה \ בינוניגובה מזרן: 29 ס""מ",https://www.mandelboim.com/wp-content/uploads/2019/07/Malta.jpg,מזרנים
מזרן לאגוס לטקס/ויסקו LAGOS LATEX/ VISCO,https://www.mandelboim.com/product/lagos-latex-visco/,5981,N/A,"תכונות המזרן:– מזרן קפיצים  מפנק עם קפיצי פוקט מבודדים. לבחירה: שכבת נוחות מויסקו פניאומטי במרקם ג'ל ייחודי למנדלבוים. אינו מושפע משינויי טמפרטורה, משמש מצע מעולה לפיזור ולחצים ותורם לתחושת ריחוף מפנקת או שכבת נוחות מלטקס גמיש, לאלו שאוהבים מזרן קפיצי וגמיש בדרגת קושי בינונית.– המזרן עטוף בבד איכותי רך ונעים, בתפירת קווילט עם ויסקו – כך שאם בוחרים בלאגוס עם שכבת לטקס, מקבלים ""גם וגם"".קפיצי  Micro springsמבודדים בצפיפות גבוהה, הארוזים כל אחד בנפרד בתוך כיס לגמישות ותמיכה נקודתית לכל איברי הגוף . שכבת מעבר עשויה פוליאוריטן לתמיכה ויציבות.שכבת נוחות לבחירה בין לטקס שהוא מצע גמיש ואוורירי,המעניק תחושת קפיציות מושלמת ותמיכה מלאה לגוף, או ויסקו פניאומטי MD שאינו מושפע משינויי טמפרטורה ושומר על דרגת קושי קבועה. הויסקו של מנדלבוים משמש מצע מעולה לפיזור ולחצים ותורם לתחושת ריחוף מפנקת.המזרן תפור בקווילט ויסקו לתחושת רכות נוספת. בנוסף, למזרן תמיכה היקפית הנותנת חיזוק לשני צידיו",https://www.mandelboim.com/wp-content/uploads/2019/07/Lagos_visco.jpg,מזרן בדרגת קושי בינונית
מזרן מונקו MONACO,https://www.mandelboim.com/product/monaco/,8537,N/A,"מתחילים לחשוב הפוך. הקפיצים עוברים למעלה ושכבת הנוחות עוברת למטהליבת המזרן מורכבת משתי שכבות של פוליאוריתן קפיצי בדרגות קושי שונות לתמיכה ויציבות לאורך זמן ושכבה נוספת של קפיצי Pocket springs בצפיפות גבוהה, הארוזים כל אחד בנפרד לגמישות ותמיכה נקודתית לכל איברי הגוף.ועוד במזרן לבחירה בין שכבת נוחות מפנקת של לטקס שהוא מצע גמיש וקפיצי לתמיכה מושלמת או ויסקו פניאומטי MD שאינו מושפע משינויי טמפרטורה ושומר על דרגת קושי קבועה.משמש מצע מעולה לפיזור ולחצים ותורם לתחושת ריחוף מפנקת. המזרן עטוף בבד קווילט ויסקו לתחושת רכות נוספת.",https://www.mandelboim.com/wp-content/uploads/2019/07/monako.jpg,מזרנים
מזרן בלה וידה לטקס/ויסקו BELA VIDA LATEX/VISCO,https://www.mandelboim.com/product/%d7%91%d7%9c%d7%94-%d7%95%d7%99%d7%93%d7%94-%d7%9c%d7%98%d7%a7%d7%a1/,9999,N/A,"ליבת המזרן עשויה מפוליאוריתן מוקצף לתמיכה ויציבות לאורך זמן. משני צדי המזרן, שכבת נוחות לבחירה, בין לטקס או ויסקו פנאומטי  MD שאינו מושפע מטמפרטורה חיצונית ושומר על דרגת קושי קבועה.צדו הקיצי של המזרן עטוף בבד יוקרתי בטכנולוגיית Cooler  Extreme  השומרת על טמפרטורה קרירה, אידיאלי לקיץ הישראלי הלוהט!צדו החורפי של המזרן עטוף בבד coolmax  המנדף זיעה ונותן תחושה של רעננות",https://www.mandelboim.com/wp-content/uploads/2019/07/Bellavida.jpg,מזרנים
מזרן בלו ביי BLUE BAY,https://www.mandelboim.com/product/blue-bay/,5122,N/A,"לטקס או ויסקו? אפשר גם וגם. בצד אחד של המזרן שכבת נוחות מפנקת של לטקס, שהוא מצע גמיש וקפיצי לתמיכה מושלמת. בצד שני שכבת נוחות מפנקת של ויסקו פניאומטי MD שאינו מושפע משינויי טמפרטורה ושומר על דרגת קושי קבועה.משמש מצע מעולה לפיזור ולחצים ותורם לתחושת ריחוף מפנקת. ביניהם פוליאוריתן גמיש המעניק תמיכה ויציבות לכל אחד מהצדדים. המזרן מתאים גם למיטה מתכווננת, שבה כל אחד מבני הזוג יכול לבחור את הצד הנוח לו, לנוחות מרבית ולשינה מפנקת.לבחירה: עם\בלי בד יוקרתי בטכנולוגיית COOLER EXTREEM לשמירה על טמפרטורה קרירה בחלקו העליון של המזרן.",https://www.mandelboim.com/wp-content/uploads/2019/07/BlueBay.jpg,מזרנים
מיטה זוגית אריאל ARIEL,https://www.mandelboim.com/product/ariel/,0,N/A,"במיטה מעוצבת של מנדלבוים אתם בוחרים את בסיס המיטה וראש המיטה המתאימים לטעמכם האישי.בנוסף, תוכלו לבחור את צבע הבד העוטף את המיטה וסוג הבד מתוך מגוון רחב של אפשרויות צבע וטקסטורה*מגיעה כמיטה רגילה או כמיטה מתכווננת",https://www.mandelboim.com/wp-content/uploads/2019/07/Ariel_A.jpg,מיטות
גל במה,https://www.mandelboim.com/product/%d7%92%d7%9c-2-2/,0,N/A,מיטה מעוצבת מרופדתצבע:לבחירה מגוון בדים וצבעיםמידות:מגוון רחב של מידותניתן להוסיף ארגז מצעיםניתן לקבל בהפרדה יהודית,https://www.mandelboim.com/wp-content/uploads/2019/07/BAMA_GAL.jpg,מיטות
מיטה זוגית איתי EITAY,https://www.mandelboim.com/product/eitay/,0,N/A,"במיטה מעוצבת של מנדלבוים אתם בוחרים את בסיס המיטה וראש המיטה המתאימים לטעמכם האישי.בנוסף, תוכלו לבחור את צבע הבד העוטף את המיטה וסוג הבד מתוך מגוון רחב של אפשרויות צבע וטקסטורה",https://www.mandelboim.com/wp-content/uploads/2019/07/ItayMalina.jpg,מיטות
מיטה זוגית גל GAL,https://www.mandelboim.com/product/gal/,0,N/A,"במיטה מעוצבת של מנדלבוים אתם בוחרים את בסיס המיטה וראש המיטה המתאימים לטעמכם האישי.בנוסף, תוכלו לבחור את צבע הבד העוטף את המיטה וסוג הבד מתוך מגוון רחב של אפשרויות צבע וטקסטורה*מגיעה כמיטה רגילה או כמיטה יהודיתניתן להוסיף ארגז מצעים",https://www.mandelboim.com/wp-content/uploads/2019/06/Gal_d.jpg,מיטות
מיטה זוגית נטע NETA,https://www.mandelboim.com/product/neta/,0,N/A,"במיטה מעוצבת של מנדלבוים אתם בוחרים את בסיס המיטה וראש המיטה המתאימים לטעמכם האישי.בנוסף, תוכלו לבחור את צבע הבד העוטף את המיטה וסוג הבד מתוך מגוון רחב של אפשרויות צבע וטקסטורה*מגיעה כמיטה רגילה או כמיטה מתכווננת",https://www.mandelboim.com/wp-content/uploads/2019/06/Mayaan.jpg,מיטות
מזרן הפי נייט HAPPY NIGHT,https://www.mandelboim.com/product/happy-night/,1275,N/A,"מזרן פולימר גמיש בצפיפות גבוהה, מומלץ לאוהבי דרגה קשיחה.מתאים לילדים, נוער וסטודנטים ניתן לקבל בוואקום ולחסוך הובלה.אספקה מהירה!",https://www.mandelboim.com/wp-content/uploads/2019/05/HappyNight.jpg,Mandelboim On line
מזרן ריו RIO LATEX VISCO,https://www.mandelboim.com/product/rio-latex-visco/,5869,N/A,"לטקס או ויסקו? אפשר גם וגם. ליבת המזרן מורכבת משתי שכבות של פוליאוריתן מוקצף בדרגות קושי שונות, לתמיכה ויציבות לאורך זמן.בצד אחד של המזרן, ברמת קושי קשה, שכבת נוחות מפנקת של לטקס, שהוא מצע גמיש וקפיצי לתמיכה מושלמת.בצד שני, ברמת קושי בינוני, שכבת נוחות מפנקת של ויסקו פניאומטי MD, שאינו מושפע משינויי טמפרטורה ושומר על דרגת קושי קבועה.משמש מצע מעולה לפיזור ולחצים ותורם לתחושת ריחוף מפנקת.",https://www.mandelboim.com/wp-content/uploads/2019/05/ריו-ספינו.png,מזרן בדרגת קושי בינונית
מזרן פרובנס PROVANCE,https://www.mandelboim.com/product/%d7%a4%d7%a8%d7%95%d7%91%d7%90%d7%a0%d7%a1/,7220,N/A,"ליבת המזרן עשויה משלוש שכבות של פוליאוריתן, בדרגות קושי שונות לתמיכה ויציבות לאורך זמן.מעליהם, שכבת נוחות צפה (פילוטופ) עשויה ויסקו פניאומטי MD שאינו מושפע מטמפרטורה חיצונית ושומר על דרגת קושי קבועה.משמש מצע מעולה לפיזור ולחצים ותורם לתחושת ריחוף מפנקת.המזרן עטוף בבד איכותי בתפירת קוילט עם ויסקו המעניק למזרן תחושת נוחות מרבית.",https://www.mandelboim.com/wp-content/uploads/2019/05/Provance-1.jpg,מזרנים
מזרן פרדייז ויסקו/לטקס PARADISE LATEX/VISCO,https://www.mandelboim.com/product/paradise-%d7%9e%d7%a0%d7%93%d7%9c%d7%91%d7%95%d7%99%d7%9d-%d7%9e%d7%96%d7%a8%d7%95%d7%a0%d7%99%d7%9d/,7220,N/A,"ליבת המזרן מורכבת משכבה של קפיצי  Pocket  springsמבודדים בצפיפות גבוהה. כל קפיץ ארוז בנפרד לגמישות ותמיכה נקודתית לכל איברי הגוף.בנוסף, המזרן מגיע עם שכבת פינוק פילוטופ,לבחירה בין לטקס שהוא מצע גמיש ואוורירי המעניק תחושת קפיציות מושלמת ותמיכה מלאה לגוף, או ויסקו פניאומטי MD שאינו מושפע משינויי טמפרטורה ושומר על דרגת קושי קבועה.הויסקו של מנדלבוים משמש מצע מעולה לפיזור ולחצים ותורם לתחושת ריחוף מפנקת.המזרן תפור בקווילט ויסקו לתחושת רכות נוספת.תכונות המזרן:– מזרן קפיצים. שילוב של קפיצי פוקט הארוזים אחד אחד עם שכבת עבה ומפנקת של ויסקו פניאומטי במרקם ג'ל ייחודי למנדלבוים אינו מושפע משינויי טמפרטורה, המשמש מצע מעולה לפיזור ולחצים ותורם לתחושת ריחוף מפנקת",https://www.mandelboim.com/wp-content/uploads/2019/05/ParadiseVisco.jpg,מזרן בדרגת קושי רכה
מזרן מלדיביים MALDIVES,https://www.mandelboim.com/product/%d7%9e%d7%9c%d7%93%d7%99%d7%91%d7%a1/,4999,N/A,"ליבת המזרן מורכבת משתי שכבות של פוליאוריתן מוקצף בדרגות קושי שונות לתמיכה ויציבות לאורך זמן. מעליהם, שכבת נוחות מ COCOON אחד מהחומרים המתקדמים בעולם השינה, בלעדי למנדלבוים.המבנה הפולימרי הייחודי שיש ב COCOON מונע את הצטברות הלחות הטבעית הנוצרת על ידי הגוף במהלך השינה (בעיקר באזורי המגע של איברי הגוף עם המזרן) מסייע בהובלת חום הרחק מפני השטח של הגוף ובכך שומר על טמפרטורת גוף נוחה ומסייע לפיזור לחצים מושלם ע""י התאמה לטביעת הגוף ויצירת שטח מגע מקסימלי בין הגוף למזרן במהלך השינה.מזרן המלדיבים עטוף בבד סריג איכותי בתפירת קוילט עם 2 ס""מ ויסקו פנאומטי MD התורם גם הוא לתחושת נוחות מרבית.",https://www.mandelboim.com/wp-content/uploads/2017/07/Maldives.jpg,מבצעי החודש
מזרן קריביאן CARIBBEAN,https://www.mandelboim.com/product/caribbean/,3900,N/A,"המזרן מורכב משלוש שכבות ,ליבת המזרן מורכבת משתי שכבות של פוליאוריתן מוקצף בדרגות קושי שונות לתמיכה ויציבות לאורך זמן.מעליהם ,שכבה נוספת – שכבת נוחות מפנקת מלטקס שהוא מצע גמיש וקפיצי לתמיכה מושלמת.",https://www.mandelboim.com/wp-content/uploads/2015/10/Caribbean-1.jpg,מזרן בדרגת קושי קשיחה
מזרן סאן שיין SUN SHINE,https://www.mandelboim.com/product/sunshine/,3760,N/A,"מזרן לטקס המעניק קפיציות וגמישותמורכב משתי שכבות , בד המזרן הינו בד המתאים לאקלים בארץ .מתאים במיוחד למי שמחפש מזרנים קלים ולא עביםמתאים גם למיטה מתכווננת",https://www.mandelboim.com/wp-content/uploads/2015/10/SunShin.jpg,מזרנים
מזרן טרופיקל TROPICAL,https://www.mandelboim.com/product/tropical/,4186,N/A,"ליבת המזרן עשויה משתי שכבות פוליאוריתן בדרגות קושי שונות לתמיכה ויציבות לאורך זמן. מעליהם, שכבת נוחות לטקס המעניקה למזרן תחושת קפיציות מושלמת ותמיכה מלאה לגוף.המזרן עטוף בבד אלוורה מפנק ונעים למגע.",https://www.mandelboim.com/wp-content/uploads/2015/10/Tropical.jpg,מזרן בדרגת קושי בינונית
מזרן פירנצה FIRENZE,https://www.mandelboim.com/product/firenze/,7220,N/A,"ליבת המזרן מורכבת משתי שכבות של פוליאוריתן בדרגות קושי שונות לתמיכה ויציבות לאורך זמן.מעליהם, שכבת נוחות צפה (פילוטופ) לטקס המעניקה למזרן תחושת קפיציות מושלמת ותמיכה מלאה לגוף.",https://www.mandelboim.com/wp-content/uploads/2015/10/Firenze.jpg,מזרן בדרגת קושי קשיחה
כרית לטקס,https://www.mandelboim.com/product/%d7%9b%d7%a8%d7%99%d7%aa-%d7%9c%d7%98%d7%a7%d7%a1/,460,N/A,"לטקס מגיע מזן מיוחד של עץ הגומי, הלטקס הנו רך גמיש ויציבכרית לטקס נותנת תמיכה לצוואר הופכת את השינה לאיכותית יותר ומפנקת יותרעמיד בפני קרדית האבק ומקדם סביבה בריאה יותר. הכרית עטופה בבד בועות המעניק תחושה רכה ומלטפת.כיסוי ניתן להורדה לשמירה על היגיינה לאורך זמן.",https://www.mandelboim.com/wp-content/uploads/2015/10/KARIT_LATAS.jpg,N/A
